"Symbol","Name","LastSale","MarketCap","IPOyear","Sector","industry","Summary Quote",
"XXII","22nd Century Group, Inc","2.94","$365.74M","n/a","Consumer Non-Durables","Farming/Seeds/Milling","https://www.nasdaq.com/symbol/xxii",
"FAX","Aberdeen Asia-Pacific Income Fund Inc","3.99","$1.01B","1986","n/a","n/a","https://www.nasdaq.com/symbol/fax",
"IAF","Aberdeen Australia Equity Fund Inc","5.17","$117.58M","n/a","n/a","n/a","https://www.nasdaq.com/symbol/iaf",
"AEF","Aberdeen Emerging Markets Equity Income Fund, Inc.","6.58","$398.08M","n/a","n/a","n/a","https://www.nasdaq.com/symbol/aef",
"FCO","Aberdeen Global Income Fund, Inc.","7.97","$69.54M","1992","n/a","n/a","https://www.nasdaq.com/symbol/fco",
"ACU","Acme United Corporation.","16.61","$56.04M","1988","Capital Goods","Industrial Machinery/Components","https://www.nasdaq.com/symbol/acu",
"ATNM","Actinium Pharmaceuticals, Inc.","0.4449","$51.47M","n/a","Health Care","Major Pharmaceuticals","https://www.nasdaq.com/symbol/atnm",
"AE","Adams Resources & Energy, Inc.","40.5","$170.81M","n/a","Energy","Oil Refining/Marketing","https://www.nasdaq.com/symbol/ae",
"ACY","AeroCentury Corp.","11.758","$16.66M","n/a","Technology","Diversified Commercial Services","https://www.nasdaq.com/symbol/acy",
"UAVS","AgEagle Aerial Systems, Inc.","0.7249","$8.34M","n/a","Capital Goods","Aerospace","https://www.nasdaq.com/symbol/uavs",
"AIRI","Air Industries Group","0.957","$26.55M","n/a","Capital Goods","Military/Government/Technical","https://www.nasdaq.com/symbol/airi",
"AXU","Alexco Resource Corp","0.7674","$82.88M","n/a","Basic Industries","Precious Metals","https://www.nasdaq.com/symbol/axu",
"ALO","Alio Gold Inc.","0.7462","$63.21M","2011","Basic Industries","Precious Metals","https://www.nasdaq.com/symbol/alo",
"AAU","Almaden Minerals, Ltd.","0.5","$55.82M","2015","Basic Industries","Precious Metals","https://www.nasdaq.com/symbol/aau",
"APT","Alpha Pro Tech, Ltd.","3.64","$49.61M","n/a","Health Care","Industrial Specialties","https://www.nasdaq.com/symbol/apt",
"AAMC","Altisource Asset Management Corp","46.4","$74.86M","n/a","Finance","Real Estate","https://www.nasdaq.com/symbol/aamc",
"AMBO","Ambow Education Holding Ltd.","5.4","$105.15M","n/a","Consumer Services","Other Consumer Services","https://www.nasdaq.com/symbol/ambo",
"DIT","AMCON Distributing Company","83.37","$51.47M","n/a","Consumer Non-Durables","Food Distributors","https://www.nasdaq.com/symbol/dit",
"AMS","American Shared Hospital Services","2.519","$14.39M","n/a","Health Care","Medical Specialities","https://www.nasdaq.com/symbol/ams",
"USAS","Americas Silver Corporation","1.39","$59.9M","2017","Basic Industries","Precious Metals","https://www.nasdaq.com/symbol/usas",
"AMPE","Ampio Pharmaceuticals, Inc.","0.66","$70.43M","n/a","Health Care","Major Pharmaceuticals","https://www.nasdaq.com/symbol/ampe",
"APHB","AmpliPhi Biosciences Corporation","0.255","$8.23M","n/a","Health Care","Biotechnology: Biological Products (No Diagnostic Substances)","https://www.nasdaq.com/symbol/aphb",
"ARNC^","Arconic Inc.","84.78","n/a","n/a","n/a","n/a","https://www.nasdaq.com/symbol/arnc^",
"AKG","Asanko Gold Inc.","0.6292","$142.08M","n/a","Basic Industries","Mining & Quarrying of Nonmetallic Minerals (No Fuels)","https://www.nasdaq.com/symbol/akg",
"AINC","Ashford Inc.","59.6","$125.72M","2014","Consumer Services","Professional Services","https://www.nasdaq.com/symbol/ainc",
"AST","Asterias Biotherapeutics, Inc.","1.13","$62.89M","n/a","Health Care","Biotechnology: Biological Products (No Diagnostic Substances)","https://www.nasdaq.com/symbol/ast",
"AUG","Auryn Resources Inc.","0.9999","$90.23M","n/a","Basic Industries","Precious Metals","https://www.nasdaq.com/symbol/aug",
"AWX","Avalon Holdings Corporation","2.96","$11.26M","n/a","Public Utilities","Environmental Services","https://www.nasdaq.com/symbol/awx",
"ASM","Avino Silver","0.5525","$34.99M","n/a","Basic Industries","Precious Metals","https://www.nasdaq.com/symbol/asm",
"BTG","B2Gold Corp","2.62","$2.59B","n/a","Basic Industries","Precious Metals","https://www.nasdaq.com/symbol/btg",
"BTN","Ballantyne Strong, Inc","2.53","$36.54M","n/a","Miscellaneous","Industrial Machinery/Components","https://www.nasdaq.com/symbol/btn",
"BKJ","Bancorp of New Jersey, Inc","14.6901","$107.17M","n/a","Finance","Major Banks","https://www.nasdaq.com/symbol/bkj",
"BCV","Bancroft Fund Limited","19.5","$102.95M","n/a","n/a","n/a","https://www.nasdaq.com/symbol/bcv",
"BCV^A","Bancroft Fund Limited","24.47","n/a","n/a","n/a","n/a","https://www.nasdaq.com/symbol/bcv^a",
"BHB","Bar Harbor Bankshares, Inc.","23.78","$368.68M","n/a","Finance","Major Banks","https://www.nasdaq.com/symbol/bhb",
"BRN","Barnwell Industries, Inc.","1.65","$13.66M","n/a","Energy","Oil & Gas Production","https://www.nasdaq.com/symbol/brn",
"BGSF","BG Staffing Inc","23.64","$240.13M","n/a","Technology","Professional Services","https://www.nasdaq.com/symbol/bgsf",
"BPMX","BioPharmX Corporation","0.1705","$32.65M","2015","Health Care","Major Pharmaceuticals","https://www.nasdaq.com/symbol/bpmx",
"BTX","BioTime, Inc.","1.69","$214.43M","n/a","Health Care","Biotechnology: Biological Products (No Diagnostic Substances)","https://www.nasdaq.com/symbol/btx",
"BGI","Birks Group Inc.","1.191","$21.39M","n/a","Consumer Services","Consumer Specialties","https://www.nasdaq.com/symbol/bgi",
"BKTI","BK Technologies, Inc.","3.68","$49.7M","n/a","Technology","Radio And Television Broadcasting And Communications Equipment","https://www.nasdaq.com/symbol/bkti",
"BDR","Blonder Tongue Laboratories, Inc.","1.1","$10.63M","n/a","Technology","Radio And Television Broadcasting And Communications Equipment","https://www.nasdaq.com/symbol/bdr",
"BRG","Bluerock Residential Growth REIT, Inc.","8.9","$211.66M","2014","Consumer Services","Real Estate Investment Trusts","https://www.nasdaq.com/symbol/brg",
"BRG^A","Bluerock Residential Growth REIT, Inc.","24.96","n/a","n/a","n/a","n/a","https://www.nasdaq.com/symbol/brg^a",
"BRG^C","Bluerock Residential Growth REIT, Inc.","24.321","n/a","n/a","n/a","n/a","https://www.nasdaq.com/symbol/brg^c",
"BRG^D","Bluerock Residential Growth REIT, Inc.","22.3","n/a","n/a","n/a","n/a","https://www.nasdaq.com/symbol/brg^d",
"BVX","Bovie Medical Corporation","6.25","$207.52M","n/a","Health Care","Medical/Dental Instruments","https://www.nasdaq.com/symbol/bvx",
"BWL.A","Bowl America, Inc.","n/a","n/a","n/a","n/a","n/a","https://www.nasdaq.com/symbol/bwl.a",
"CMCL","Caledonia Mining Corporation Plc","6.1582","$65.3M","n/a","Basic Industries","Precious Metals","https://www.nasdaq.com/symbol/cmcl",
"CEI","Camber Energy, Inc.","0.1775","$22M","n/a","Energy","Oil & Gas Production","https://www.nasdaq.com/symbol/cei",
"CANF","Can-Fite Biopharma Ltd","1.48","$29.87M","n/a","Health Care","Major Pharmaceuticals","https://www.nasdaq.com/symbol/canf",
"ROX","Castle Brands, Inc.","0.86","$145.08M","2006","Consumer Non-Durables","Beverages (Production/Distribution)","https://www.nasdaq.com/symbol/rox",
"CAW","CCA Industries, Inc.","2.3418","$17.46M","n/a","Consumer Non-Durables","Package Goods/Cosmetics","https://www.nasdaq.com/symbol/caw",
"CVM","Cel-Sci Corporation","3.21","$90.75M","n/a","Health Care","Biotechnology: Biological Products (No Diagnostic Substances)","https://www.nasdaq.com/symbol/cvm",
"CET","Central Securities Corporation","26.48","$657M","n/a","n/a","n/a","https://www.nasdaq.com/symbol/cet",
"LEU","Centrus Energy Corp.","2.75","$24.86M","2014","Basic Industries","Mining & Quarrying of Nonmetallic Minerals (No Fuels)","https://www.nasdaq.com/symbol/leu",
"CCF","Chase Corporation","106.91","$1B","n/a","Consumer Durables","Building Products","https://www.nasdaq.com/symbol/ccf",
"CQP","Cheniere Energy Partners, LP","35.83","$17.34B","2007","Public Utilities","Oil/Gas Transmission","https://www.nasdaq.com/symbol/cqp",
"LNG","Cheniere Energy, Inc.","60.76","$15.61B","n/a","Public Utilities","Oil/Gas Transmission","https://www.nasdaq.com/symbol/lng",
"CVR","Chicago Rivet & Machine Co.","31.9106","$30.83M","n/a","Technology","Industrial Machinery/Components","https://www.nasdaq.com/symbol/cvr",
"CPHI","China Pharma Holdings, Inc.","0.32","$13.95M","n/a","Health Care","Major Pharmaceuticals","https://www.nasdaq.com/symbol/cphi",
"CKX","CKX Lands, Inc.","10.6928","$20.77M","n/a","Energy","Oil & Gas Production","https://www.nasdaq.com/symbol/ckx",
"GLV","Clough Global Dividend and Income Fund","11.07","$77.56M","2004","n/a","n/a","https://www.nasdaq.com/symbol/glv",
"GLQ","Clough Global Equity Fund","11.96","$131.87M","2005","n/a","n/a","https://www.nasdaq.com/symbol/glq",
"GLO","Clough Global Opportunities Fund","9.29","$299.36M","2006","n/a","n/a","https://www.nasdaq.com/symbol/glo",
"COHN","Cohen & Company Inc.","9.12","$11.4M","n/a","Finance","Investment Bankers/Brokers/Service","https://www.nasdaq.com/symbol/cohn",
"MOC","Command Security Corporation","2.8","$28.38M","n/a","Consumer Services","Diversified Commercial Services","https://www.nasdaq.com/symbol/moc",
"CIX","CompX International Inc.","13.48","$167.63M","1998","Capital Goods","Industrial Machinery/Components","https://www.nasdaq.com/symbol/cix",
"LODE","Comstock Mining, Inc.","0.172","$12.19M","n/a","Basic Industries","Precious Metals","https://www.nasdaq.com/symbol/lode",
"CDOR","Condor Hospitality Trust, Inc.","9.4","$111.71M","n/a","Consumer Services","Real Estate Investment Trusts","https://www.nasdaq.com/symbol/cdor",
"CTO","Consolidated-Tomoka Land Co.","56.51","$313.83M","n/a","Finance","Real Estate","https://www.nasdaq.com/symbol/cto",
"MCF","Contango Oil & Gas Company","3.95","$100.98M","n/a","Energy","Oil & Gas Production","https://www.nasdaq.com/symbol/mcf",
"CUO","Continental Materials Corporation","10.63","$18.05M","n/a","Capital Goods","Building Materials","https://www.nasdaq.com/symbol/cuo",
"CMT","Core Molding Technologies Inc","7.42","$60.09M","n/a","Consumer Non-Durables","Plastic Products","https://www.nasdaq.com/symbol/cmt",
"CVRS","Corindus Vascular Robotics, Inc.","1.24","$237.24M","2015","Health Care","Medical/Dental Instruments","https://www.nasdaq.com/symbol/cvrs",
"CRMD","CorMedix Inc","1.3","$136.9M","n/a","Health Care","Major Pharmaceuticals","https://www.nasdaq.com/symbol/crmd",
"CRF","Cornerstone Strategic Return Fund, Inc. (The)","11.79","$266.84M","n/a","n/a","n/a","https://www.nasdaq.com/symbol/crf",
"CLM","Cornerstone Strategic Value Fund, Inc.","12.12","$541.43M","1987","n/a","n/a","https://www.nasdaq.com/symbol/clm",
"CVU","CPI Aerostructures, Inc.","7.05","$82.68M","n/a","Capital Goods","Military/Government/Technical","https://www.nasdaq.com/symbol/cvu",
"CIK","Credit Suisse Asset Management Income Fund, Inc.","2.91","$152.21M","n/a","n/a","n/a","https://www.nasdaq.com/symbol/cik",
"DHY","Credit Suisse High Yield Bond Fund","2.32","$240.03M","1998","n/a","n/a","https://www.nasdaq.com/symbol/dhy",
"CRHM","CRH Medical Corporation","3.07","$222.72M","2015","Health Care","Medical/Dental Instruments","https://www.nasdaq.com/symbol/crhm",
"CTEK","CynergisTek, Inc.","4.63","$44.52M","2017","Miscellaneous","Business Services","https://www.nasdaq.com/symbol/ctek",
"DXR","Daxor Corporation","6.5","$24.24M","n/a","Health Care","Medical/Dental Instruments","https://www.nasdaq.com/symbol/dxr",
"VCF","Delaware Investments Colorado Municipal Income Fund, Inc","13.35","$64.58M","1993","n/a","n/a","https://www.nasdaq.com/symbol/vcf",
"VFL","Delaware Investments Florida Insured Municipal Income Fund","11.802","$53.44M","1993","n/a","n/a","https://www.nasdaq.com/symbol/vfl",
"VMM","Delaware Investments Minnesota Municipal Income Fund II, Inc.","11.7757","$135.48M","1993","n/a","n/a","https://www.nasdaq.com/symbol/vmm",
"DLA","Delta Apparel, Inc.","18.25","$129.21M","n/a","Consumer Non-Durables","Apparel","https://www.nasdaq.com/symbol/dla",
"DNN","Denison Mine Corp","0.5508","$321.79M","n/a","Basic Industries","Precious Metals","https://www.nasdaq.com/symbol/dnn",
"DGSE","DGSE Companies, Inc.","0.5171","$13.92M","n/a","Consumer Services","Consumer Specialties","https://www.nasdaq.com/symbol/dgse",
"DSS","Document Security Systems, Inc.","0.9597","$16.14M","n/a","Consumer Durables","Containers/Packaging","https://www.nasdaq.com/symbol/dss",
"DPW","DPW Holdings, Inc.","0.2363","$17.3M","n/a","Capital Goods","Industrial Machinery/Components","https://www.nasdaq.com/symbol/dpw",
"DMF","Dreyfus Municipal Income, Inc.","7.67","$159.12M","1988","n/a","n/a","https://www.nasdaq.com/symbol/dmf",
"DXF","Dunxin Financial Holdings Limited","3.66","$76.25M","n/a","Consumer Non-Durables","Apparel","https://www.nasdaq.com/symbol/dxf",
"GRF","Eagle Capital Growth Fund, Inc.","7.06","$26.32M","n/a","n/a","n/a","https://www.nasdaq.com/symbol/grf",
"EVM","Eaton Vance California Municipal Bond Fund","9.89","$211.59M","2002","n/a","n/a","https://www.nasdaq.com/symbol/evm",
"EIA","Eaton Vance California Municipal Bond Fund II","10.13","$39.37M","2002","n/a","n/a","https://www.nasdaq.com/symbol/eia",
"CEV","Eaton Vance California Municipal Income Trust","10.98","$78.33M","1999","n/a","n/a","https://www.nasdaq.com/symbol/cev",
"EVV","Eaton Vance Limited Duration Income Fund","12.09","$1.4B","2003","n/a","n/a","https://www.nasdaq.com/symbol/evv",
"MAB","Eaton Vance Massachusetts Municipal Bond Fund","12.07","$21.35M","2002","n/a","n/a","https://www.nasdaq.com/symbol/mab",
"MMV","Eaton Vance Massachusetts Municipal Income Trust","12","$32.84M","1999","n/a","n/a","https://www.nasdaq.com/symbol/mmv",
"MIW","Eaton Vance Michigan Municipal Bond Fund","12.38","$18.57M","2002","n/a","n/a","https://www.nasdaq.com/symbol/miw",
"EMI","Eaton Vance Michigan Municipal Income Trust","12.07","$24.3M","1999","n/a","n/a","https://www.nasdaq.com/symbol/emi",
"EIM","Eaton Vance Municipal Bond Fund","11.02","$751.21M","2002","n/a","n/a","https://www.nasdaq.com/symbol/eim",
"EIV","Eaton Vance Municipal Bond Fund II","11.48","$114.95M","2002","n/a","n/a","https://www.nasdaq.com/symbol/eiv",
"EMJ","Eaton Vance New Jersey Municipal Bond Fund","11.59","$29.89M","2002","n/a","n/a","https://www.nasdaq.com/symbol/emj",
"EVJ","Eaton Vance New Jersey Municipal Income Trust","11.02","$50.67M","1999","n/a","n/a","https://www.nasdaq.com/symbol/evj",
"ENX","Eaton Vance New York Municipal Bond Fund","11.11","$174M","2002","n/a","n/a","https://www.nasdaq.com/symbol/enx",
"NYH","Eaton Vance New York Municipal Bond Fund II","10.42","$26.64M","2002","n/a","n/a","https://www.nasdaq.com/symbol/nyh",
"EVY","Eaton Vance New York Municipal Income Trust","11.31","$61.93M","1999","n/a","n/a","https://www.nasdaq.com/symbol/evy",
"EIO","Eaton Vance Ohio Municipal Bond Fund","11.25","$28.55M","2002","n/a","n/a","https://www.nasdaq.com/symbol/eio",
"EVO","Eaton Vance Ohio Municipal Income Trust","11.95","$34.14M","1999","n/a","n/a","https://www.nasdaq.com/symbol/evo",
"EIP","Eaton Vance Pennsylvania Municipal Bond Fund","11.2479","$33.29M","2002","n/a","n/a","https://www.nasdaq.com/symbol/eip",
"EVP","Eaton Vance Pennsylvania Municipal Income Trust","10.91","$28.38M","1999","n/a","n/a","https://www.nasdaq.com/symbol/evp",
"ELMD","Electromed, Inc.","5.6","$46.42M","2011","Health Care","Biotechnology: Electromedical & Electrotherapeutic Apparatus","https://www.nasdaq.com/symbol/elmd",
"ELLO","Ellomay Capital Ltd.","8.3505","$89.15M","n/a","Public Utilities","Electric Utilities: Central","https://www.nasdaq.com/symbol/ello",
"ECF","Ellsworth Growth and Income Fund Ltd.","8.78","$113.57M","1986","n/a","n/a","https://www.nasdaq.com/symbol/ecf",
"ECF^A","Ellsworth Growth and Income Fund Ltd.","23.75","n/a","n/a","n/a","n/a","https://www.nasdaq.com/symbol/ecf^a",
"EMAN","eMagin Corporation","1.25","$56.45M","n/a","Technology","Semiconductors","https://www.nasdaq.com/symbol/eman",
"MSN","Emerson Radio Corporation","1.4302","$30.7M","n/a","Consumer Non-Durables","Consumer Electronics/Appliances","https://www.nasdaq.com/symbol/msn",
"EMX","EMX Royalty Corporation","1.2049","$96.97M","n/a","Basic Industries","Precious Metals","https://www.nasdaq.com/symbol/emx",
"UUUU","Energy Fuels Inc","3.08","$275.82M","n/a","Basic Industries","Mining & Quarrying of Nonmetallic Minerals (No Fuels)","https://www.nasdaq.com/symbol/uuuu",
"UUUU.WS","Energy Fuels Inc","n/a","n/a","n/a","n/a","n/a","https://www.nasdaq.com/symbol/uuuu.ws",
"ENSV","ENSERVCO Corporation","0.6","$32.61M","n/a","Energy","Oilfield Services/Equipment","https://www.nasdaq.com/symbol/ensv",
"ESNC","EnSync, Inc.","0.2","$13.62M","n/a","Public Utilities","Electric Utilities: Central","https://www.nasdaq.com/symbol/esnc",
"EGI","Entree Resources Ltd.","0.4136","$72.16M","2017","Basic Industries","Precious Metals","https://www.nasdaq.com/symbol/egi",
"EVI","EnviroStarm, Inc.","34.36","$383.84M","n/a","Consumer Services","Other Consumer Services","https://www.nasdaq.com/symbol/evi",
"ESP","Espey Mfg. & Electronics Corp.","26.25","$62.57M","n/a","Capital Goods","Industrial Machinery/Components","https://www.nasdaq.com/symbol/esp",
"EVBN","Evans Bancorp, Inc.","40.31","$194.35M","n/a","Finance","Major Banks","https://www.nasdaq.com/symbol/evbn",
"EPM","Evolution Petroleum Corporation, Inc.","8.92","$295.77M","n/a","Energy","Oil & Gas Production","https://www.nasdaq.com/symbol/epm",
"FEN","First Trust Energy Income and Growth Fund","19.23","$384.3M","2004","n/a","n/a","https://www.nasdaq.com/symbol/fen",
"BDL","Flanigan&#39;s Enterprises, Inc.","26.5","$49.25M","n/a","Consumer Services","Restaurants","https://www.nasdaq.com/symbol/bdl",
"FSI","Flexible Solutions International Inc.","1.4673","$17.07M","n/a","Basic Industries","Major Chemicals","https://www.nasdaq.com/symbol/fsi",
"FTF","Franklin Limited Duration Income Trust","9.31","$210.44M","2003","n/a","n/a","https://www.nasdaq.com/symbol/ftf",
"FSP","Franklin Street Properties Corp.","7.62","$817.1M","n/a","Consumer Services","Real Estate Investment Trusts","https://www.nasdaq.com/symbol/fsp",
"FRD","Friedman Industries Inc.","8.02","$56.22M","n/a","Capital Goods","Steel/Iron Ore","https://www.nasdaq.com/symbol/frd",
"FTNW","FTE Networks, Inc.","4.03","$30.23M","n/a","Public Utilities","Telecommunications Equipment","https://www.nasdaq.com/symbol/ftnw",
"GGN","GAMCO Global Gold, Natural Reources & Income Trust ","4","$542.7M","2005","n/a","n/a","https://www.nasdaq.com/symbol/ggn",
"GGN^B","GAMCO Global Gold, Natural Reources & Income Trust ","22.06","n/a","n/a","n/a","n/a","https://www.nasdaq.com/symbol/ggn^b",
"JOB","GEE Group Inc.","1.84","$19.88M","n/a","Technology","Diversified Commercial Services","https://www.nasdaq.com/symbol/job",
"GMO","General Moly, Inc","0.17","$20.45M","n/a","Basic Industries","Precious Metals","https://www.nasdaq.com/symbol/gmo",
"GSB","GlobalSCAPE, Inc.","4.39","$78.88M","n/a","Technology","Computer Software: Prepackaged Software","https://www.nasdaq.com/symbol/gsb",
"GSAT","Globalstar, Inc.","0.4162","$526.91M","2006","Consumer Services","Telecommunications Equipment","https://www.nasdaq.com/symbol/gsat",
"GLOW","Glowpoint, Inc.","0.168","$8.05M","n/a","Public Utilities","Telecommunications Equipment","https://www.nasdaq.com/symbol/glow",
"GORO","Gold Resource Corporation","3.82","$220.49M","n/a","Basic Industries","Precious Metals","https://www.nasdaq.com/symbol/goro",
"GSV","Gold Standard Ventures Corporation","1.2","$311.77M","n/a","Basic Industries","Mining & Quarrying of Nonmetallic Minerals (No Fuels)","https://www.nasdaq.com/symbol/gsv",
"AUMN","Golden Minerals Company","0.2415","$23.09M","n/a","Basic Industries","Precious Metals","https://www.nasdaq.com/symbol/aumn",
"GSS","Golden Star Resources, Ltd","2.56","$278.55M","n/a","Basic Industries","Precious Metals","https://www.nasdaq.com/symbol/gss",
"GV","Goldfield Corporation (The)","2.54","$64.65M","n/a","Basic Industries","Water Supply","https://www.nasdaq.com/symbol/gv",
"GDP","Goodrich Petroleum Corporation","14.26","$168.82M","2017","Energy","Oil & Gas Production","https://www.nasdaq.com/symbol/gdp",
"GTE","Gran Tierra Energy Inc.","2.54","$994M","n/a","Energy","Oil & Gas Production","https://www.nasdaq.com/symbol/gte",
"GPL","Great Panther Silver Limited","0.5582","$94.4M","n/a","Basic Industries","Precious Metals","https://www.nasdaq.com/symbol/gpl",
"SIM","Grupo Simec, S.A. de C.V.","8.61","$1.43B","1993","Basic Industries","Steel/Iron Ore","https://www.nasdaq.com/symbol/sim",
"HEB","Hemispherx BioPharma, Inc.","0.2","$9.64M","n/a","Health Care","Biotechnology: Biological Products (No Diagnostic Substances)","https://www.nasdaq.com/symbol/heb",
"HLM^","Hillman Group Capital Trust","29.67","n/a","n/a","n/a","n/a","https://www.nasdaq.com/symbol/hlm^",
"HMG","HMG/Courtland Properties, Inc.","13.75","$13.93M","n/a","Consumer Services","Real Estate Investment Trusts","https://www.nasdaq.com/symbol/hmg",
"HUSA","Houston American Energy Corporation","0.23","$14.31M","n/a","Energy","Oil & Gas Production","https://www.nasdaq.com/symbol/husa",
"IBIO","iBio, Inc.","0.79","$14.76M","n/a","Health Care","Major Pharmaceuticals","https://www.nasdaq.com/symbol/ibio",
"IBO","IBO (Listing Market - NYSE Amex Network B F)","24.84","n/a","n/a","n/a","n/a","https://www.nasdaq.com/symbol/ibo",
"IEC","IEC Electronics Corp.","5.3","$54.53M","n/a","Technology","Electrical Products","https://www.nasdaq.com/symbol/iec",
"IMH","Impac Mortgage Holdings, Inc.","4.2","$88.69M","1997","Consumer Services","Real Estate Investment Trusts","https://www.nasdaq.com/symbol/imh",
"IMO","Imperial Oil Limited","30.15","$23.79B","n/a","Energy","Integrated oil Companies","https://www.nasdaq.com/symbol/imo",
"IOR","Income Opportunity Realty Investors, Inc.","12.4424","$51.86M","n/a","Consumer Services","Real Estate Investment Trusts","https://www.nasdaq.com/symbol/ior",
"INFU","InfuSystems Holdings, Inc.","3.35","$66.01M","n/a","Health Care","Medical/Dental Instruments","https://www.nasdaq.com/symbol/infu",
"IHT","InnSuites Hospitality Trust","1.57","$15.04M","n/a","Consumer Services","Real Estate Investment Trusts","https://www.nasdaq.com/symbol/iht",
"NSPR","InspireMD Inc.","0.206","$7.75M","n/a","Health Care","Medical/Dental Instruments","https://www.nasdaq.com/symbol/nspr",
"NSPR.WS","InspireMD Inc.","n/a","n/a","n/a","n/a","n/a","https://www.nasdaq.com/symbol/nspr.ws",
"NSPR.WS.B","InspireMD Inc.","n/a","n/a","n/a","n/a","n/a","https://www.nasdaq.com/symbol/nspr.ws.b",
"IDN","Intellicheck, Inc.","1.96","$30.65M","1999","Technology","Computer Software: Prepackaged Software","https://www.nasdaq.com/symbol/idn",
"INS","Intelligent Systems Corporation","13.41","$117.98M","1992","Technology","Computer Software: Prepackaged Software","https://www.nasdaq.com/symbol/ins",
"THM","International Tower Hill Mines Ltd","0.38","$71.06M","n/a","Basic Industries","Precious Metals","https://www.nasdaq.com/symbol/thm",
"INTT","inTest Corporation","6.25","$65.56M","1997","Capital Goods","Electrical Products","https://www.nasdaq.com/symbol/intt",
"INUV","Inuvo, Inc","1.17","$39.87M","n/a","Consumer Services","Advertising","https://www.nasdaq.com/symbol/inuv",
"VKI","Invesco Advantage Municipal Income Trust II","9.95","$441.7M","n/a","n/a","n/a","https://www.nasdaq.com/symbol/vki",
"ISR","IsoRay, Inc.","0.41","$27.61M","n/a","Health Care","Medical/Dental Instruments","https://www.nasdaq.com/symbol/isr",
"ISDR","Issuer Direct Corporation","11.5575","$35.91M","n/a","Miscellaneous","Publishing","https://www.nasdaq.com/symbol/isdr",
"ITP","IT Tech Packaging, Inc.","0.7204","$15.84M","n/a","Consumer Durables","Containers/Packaging","https://www.nasdaq.com/symbol/itp",
"KIQ","Kelso Technologies Inc","0.4725","$22.29M","n/a","Capital Goods","Railroads","https://www.nasdaq.com/symbol/kiq",
"LTS","Ladenburg Thalmann Financial Services Inc","2.68","$531.85M","n/a","Finance","Investment Bankers/Brokers/Service","https://www.nasdaq.com/symbol/lts",
"LTS^A","Ladenburg Thalmann Financial Services Inc","24.3164","n/a","n/a","n/a","n/a","https://www.nasdaq.com/symbol/lts^a",
"LTSK","Ladenburg Thalmann Financial Services Inc","24.5","n/a","2018","Finance","Investment Bankers/Brokers/Service","https://www.nasdaq.com/symbol/ltsk",
"LTSL","Ladenburg Thalmann Financial Services Inc","23.16","n/a","2017","Finance","Investment Bankers/Brokers/Service","https://www.nasdaq.com/symbol/ltsl",
"LTSF","Ladenburg Thalmann Financial Services Inc.","23.76","n/a","2018","Finance","Investment Bankers/Brokers/Service","https://www.nasdaq.com/symbol/ltsf",
"LEVB","Level Brands, Inc.","3.85","$31.26M","2017","Consumer Non-Durables","Package Goods/Cosmetics","https://www.nasdaq.com/symbol/levb",
"LGL","LGL Group, Inc. (The)","6.45","$31.1M","n/a","Capital Goods","Industrial Machinery/Components","https://www.nasdaq.com/symbol/lgl",
"LBY","Libbey, Inc.","6.93","$153.48M","1993","Capital Goods","Industrial Machinery/Components","https://www.nasdaq.com/symbol/lby",
"LLEX","Lilis Energy, Inc.","2.28","$164.09M","n/a","Energy","Oil & Gas Production","https://www.nasdaq.com/symbol/llex",
"LIQT","LiqTech International, Inc.","1.48","$107.66M","n/a","Technology","Industrial Machinery/Components","https://www.nasdaq.com/symbol/liqt",
"MAG","MAG Silver Corporation","6.67","$570.55M","n/a","Basic Industries","Precious Metals","https://www.nasdaq.com/symbol/mag",
"MJCO","Majesco","7.27","$266.25M","2015","Technology","Computer Software: Prepackaged Software","https://www.nasdaq.com/symbol/mjco",
"MHH","Mastech Digital, Inc","6.29","$68.9M","n/a","Consumer Services","Professional Services","https://www.nasdaq.com/symbol/mhh",
"MTNB","Matinas Biopharma Holdings, Inc.","0.7661","$86.1M","2017","Health Care","Major Pharmaceuticals","https://www.nasdaq.com/symbol/mtnb",
"MNI","McClatchy Company (The)","6.7","$52.32M","1988","Consumer Services","Newspapers/Magazines","https://www.nasdaq.com/symbol/mni",
"IPB","Merrill Lynch & Co., Inc. 6.0518% Index Plus Trust Certificate","26.1918","n/a","n/a","Finance","Finance: Consumer Services","https://www.nasdaq.com/symbol/ipb",
"MXC","Mexco Energy Corporation","3.81","$7.77M","n/a","Energy","Oil & Gas Production","https://www.nasdaq.com/symbol/mxc",
"CCA","MFS California Insured Municipal Trust","9.89","$27.56M","1999","n/a","n/a","https://www.nasdaq.com/symbol/cca",
"MICR","Micron Solutions, Inc.","3.11","$8.88M","n/a","Health Care","Biotechnology: Electromedical & Electrotherapeutic Apparatus","https://www.nasdaq.com/symbol/micr",
"MLSS","Milestone Scientific, Inc.","0.5353","$18.02M","2015","Health Care","Industrial Specialties","https://www.nasdaq.com/symbol/mlss",
"MYO","Myomo Inc.","1.9083","$23.73M","2017","Health Care","Industrial Specialties","https://www.nasdaq.com/symbol/myo",
"NNVC","NanoViricides, Inc.","0.356","$24.7M","n/a","Health Care","Biotechnology: Commercial Physical & Biological Resarch","https://www.nasdaq.com/symbol/nnvc",
"ATEST","NASDAQ TEST STOCK","25","n/a","n/a","n/a","n/a","https://www.nasdaq.com/symbol/atest",
"ATEST.A","NASDAQ TEST STOCK","n/a","n/a","n/a","n/a","n/a","https://www.nasdaq.com/symbol/atest.a",
"ATEST.B","NASDAQ TEST STOCK","n/a","n/a","n/a","n/a","n/a","https://www.nasdaq.com/symbol/atest.b",
"ATEST.C","NASDAQ TEST STOCK","n/a","n/a","n/a","n/a","n/a","https://www.nasdaq.com/symbol/atest.c",
"NHC","National HealthCare Corporation","80.93","$1.23B","n/a","Health Care","Hospital/Nursing Management","https://www.nasdaq.com/symbol/nhc",
"NAVB","Navidea Biopharmaceuticals, Inc.","0.21","$38.2M","n/a","Health Care","Biotechnology: In Vitro & In Vivo Diagnostic Substances","https://www.nasdaq.com/symbol/navb",
"NTIP","Network-1 Technologies, Inc.","2.58","$61.29M","n/a","Miscellaneous","Multi-Sector Companies","https://www.nasdaq.com/symbol/ntip",
"NBW","Neuberger Berman California Municipal Fund Inc","12.07","$67M","2002","n/a","n/a","https://www.nasdaq.com/symbol/nbw",
"NHS","Neuberger Berman High Yield Strategies Fund","10.17","$198.73M","n/a","n/a","n/a","https://www.nasdaq.com/symbol/nhs",
"NML","Neuberger Berman MLP Income Fund Inc.","7.33","$415.31M","2013","n/a","n/a","https://www.nasdaq.com/symbol/nml",
"NBH","Neuberger Berman Municipal Fund Inc.","12.76","$239.94M","2002","n/a","n/a","https://www.nasdaq.com/symbol/nbh",
"NBO","Neuberger Berman New York Municipal Fund Inc.","11.16","$56.66M","2002","n/a","n/a","https://www.nasdaq.com/symbol/nbo",
"NRO","Neuberger Berman Real Estate Securities Income Fund, Inc.","4.47","$211.97M","2003","n/a","n/a","https://www.nasdaq.com/symbol/nro",
"UWN","Nevada Gold & Casinos, Inc.","2.4","$40.44M","n/a","Consumer Services","Services-Misc. Amusement & Recreation","https://www.nasdaq.com/symbol/uwn",
"NSU","Nevsun Resources Ltd","4.49","$1.36B","n/a","Basic Industries","Precious Metals","https://www.nasdaq.com/symbol/nsu",
"GBR","New Concept Energy, Inc","2.35","$5.01M","n/a","Energy","Oil & Gas Production","https://www.nasdaq.com/symbol/gbr",
"NEN","New England Realty Associates Limited Partnership","57.9383","$216.2M","n/a","Consumer Services","Building operators","https://www.nasdaq.com/symbol/nen",
"NGD","New Gold Inc.","0.8272","$478.74M","n/a","Basic Industries","Precious Metals","https://www.nasdaq.com/symbol/ngd",
"NXE","Nexgen Energy Ltd.","2.08","$724.81M","n/a","Basic Industries","Precious Metals","https://www.nasdaq.com/symbol/nxe",
"HLTH","Nobilis Health Corp.","0.4114","$32.19M","2015","Health Care","Hospital/Nursing Management","https://www.nasdaq.com/symbol/hlth",
"NAK","Northern Dynasty Minerals, Ltd.","0.7646","$239.07M","n/a","Basic Industries","Precious Metals","https://www.nasdaq.com/symbol/nak",
"NOG","Northern Oil and Gas, Inc.","2.6","$1B","n/a","Energy","Oil & Gas Production","https://www.nasdaq.com/symbol/nog",
"NBY","NovaBay Pharmaceuticals, Inc.","1.1981","$20.47M","2007","Health Care","Major Pharmaceuticals","https://www.nasdaq.com/symbol/nby",
"NG","Novagold Resources Inc.","3.73","$1.2B","n/a","Basic Industries","Precious Metals","https://www.nasdaq.com/symbol/ng",
"NRCG","NRC Group Holdings Corp.","6.7","$52.21M","2017","Basic Industries","Environmental Services","https://www.nasdaq.com/symbol/nrcg",
"NRCG.WS","NRC Group Holdings Corp.","n/a","n/a","n/a","n/a","n/a","https://www.nasdaq.com/symbol/nrcg.ws",
"NTN","NTN Buzztime, Inc.","2.86","$8.2M","n/a","Consumer Services","Broadcasting","https://www.nasdaq.com/symbol/ntn",
"NES","Nuverra Environmental Solutions, Inc.","9.06","$105.96M","2017","Energy","Oilfield Services/Equipment","https://www.nasdaq.com/symbol/nes",
"OCX","OncoCyte Corporation","1.66","$67.5M","2015","Health Care","Biotechnology: In Vitro & In Vivo Diagnostic Substances","https://www.nasdaq.com/symbol/ocx",
"OGEN","Oragenics Inc.","0.83","$24.43M","n/a","Health Care","Major Pharmaceuticals","https://www.nasdaq.com/symbol/ogen",
"TIS","Orchids Paper Products Company","1.6","$17.07M","2005","Basic Industries","Paper","https://www.nasdaq.com/symbol/tis",
"ORM","Owens Realty Mortgage, Inc.","19.86","$170.69M","2013","Consumer Services","Real Estate Investment Trusts","https://www.nasdaq.com/symbol/orm",
"PCG^A","Pacific Gas & Electric Co.","21.35","n/a","n/a","n/a","n/a","https://www.nasdaq.com/symbol/pcg^a",
"PCG^B","Pacific Gas & Electric Co.","21.1021","n/a","n/a","n/a","n/a","https://www.nasdaq.com/symbol/pcg^b",
"PCG^C","Pacific Gas & Electric Co.","18.9342","n/a","n/a","n/a","n/a","https://www.nasdaq.com/symbol/pcg^c",
"PCG^D","Pacific Gas & Electric Co.","18.41","n/a","n/a","n/a","n/a","https://www.nasdaq.com/symbol/pcg^d",
"PCG^E","Pacific Gas & Electric Co.","19.71","n/a","n/a","n/a","n/a","https://www.nasdaq.com/symbol/pcg^e",
"PCG^G","Pacific Gas & Electric Co.","18.05","n/a","n/a","n/a","n/a","https://www.nasdaq.com/symbol/pcg^g",
"PCG^H","Pacific Gas & Electric Co.","16.6","n/a","n/a","n/a","n/a","https://www.nasdaq.com/symbol/pcg^h",
"PCG^I","Pacific Gas & Electric Co.","16.342","n/a","n/a","n/a","n/a","https://www.nasdaq.com/symbol/pcg^i",
"PTN","Palatin Technologies, Inc.","0.6907","$140.26M","n/a","Health Care","Major Pharmaceuticals","https://www.nasdaq.com/symbol/ptn",
"PZG","Paramount Gold Nevada Corp.","1.03","$26.24M","2015","Basic Industries","Precious Metals","https://www.nasdaq.com/symbol/pzg",
"PRK","Park National Corporation","92.07","$1.44B","n/a","Finance","Major Banks","https://www.nasdaq.com/symbol/prk",
"PED","Pedevco Corp.","1.58","$23.99M","n/a","Energy","Oil & Gas Production","https://www.nasdaq.com/symbol/ped",
"PFNX","Pfenex Inc.","4.03","$126.79M","2014","Health Care","Major Pharmaceuticals","https://www.nasdaq.com/symbol/pfnx",
"HNW","Pioneer Diversified High Income Trust","13.65","$113.74M","2007","n/a","n/a","https://www.nasdaq.com/symbol/hnw",
"PLAG","Planet Green Holdings Corp","3.9221","$17214.1","n/a","Consumer Non-Durables","Packaged Foods","https://www.nasdaq.com/symbol/plag",
"PLG","Platinum Group Metals Ltd.","0.155","$45.15M","n/a","Basic Industries","Precious Metals","https://www.nasdaq.com/symbol/plg",
"PLYM","Plymouth Industrial REIT, Inc.","12.25","$57.1M","2017","Consumer Services","Real Estate Investment Trusts","https://www.nasdaq.com/symbol/plym",
"PLYM^A","Plymouth Industrial REIT, Inc.","22.8715","n/a","n/a","n/a","n/a","https://www.nasdaq.com/symbol/plym^a",
"PLM","Polymet Mining Corp.","0.8396","$269.23M","n/a","Basic Industries","Precious Metals","https://www.nasdaq.com/symbol/plm",
"PW","Power REIT","5.9612","$10.89M","n/a","Consumer Services","Real Estate Investment Trusts","https://www.nasdaq.com/symbol/pw",
"PW^A","Power REIT","26","n/a","n/a","n/a","n/a","https://www.nasdaq.com/symbol/pw^a",
"PLX","Protalix BioTherapeutics, Inc.","0.4251","$63.07M","n/a","Health Care","Biotechnology: Biological Products (No Diagnostic Substances)","https://www.nasdaq.com/symbol/plx",
"RLGT","Radiant Logistics, Inc.","5.59","$276.48M","n/a","Transportation","Oil Refining/Marketing","https://www.nasdaq.com/symbol/rlgt",
"RLGT^A","Radiant Logistics, Inc.","25.67","n/a","n/a","n/a","n/a","https://www.nasdaq.com/symbol/rlgt^a",
"RFL","Rafael Holdings, Inc.","8.31","$104.21M","2018","Finance","Real Estate","https://www.nasdaq.com/symbol/rfl",
"UTG","Reaves Utility Income Fund","30.33","$1.48B","2004","n/a","n/a","https://www.nasdaq.com/symbol/utg",
"REED","Reeds, Inc.","2.45","$62.99M","n/a","Consumer Non-Durables","Beverages (Production/Distribution)","https://www.nasdaq.com/symbol/reed",
"RHE","Regional Health Properties, Inc.","0.152","$3.07M","2017","Health Care","Hospital/Nursing Management","https://www.nasdaq.com/symbol/rhe",
"RHE^A","Regional Health Properties, Inc.","2.55","n/a","n/a","n/a","n/a","https://www.nasdaq.com/symbol/rhe^a",
"RCG","RENN Fund, Inc.","1.4687","$6.56M","n/a","n/a","n/a","https://www.nasdaq.com/symbol/rcg",
"RVP","Retractable Technologies, Inc.","0.6879","$22.47M","n/a","Health Care","Medical/Dental Instruments","https://www.nasdaq.com/symbol/rvp",
"RNN","Rexahn Pharmaceuticals, Inc.","1.11","$41.65M","n/a","Health Care","Major Pharmaceuticals","https://www.nasdaq.com/symbol/rnn",
"REI","Ring Energy, Inc.","7.62","$461.32M","n/a","Energy","Oil & Gas Production","https://www.nasdaq.com/symbol/rei",
"RIF","RMR Real Estate Income Fund","17.04","$173.84M","n/a","n/a","n/a","https://www.nasdaq.com/symbol/rif",
"SACH","Sachem Capital Corp.","4.01","$61.9M","2017","Consumer Services","Real Estate Investment Trusts","https://www.nasdaq.com/symbol/sach",
"SNMP","Sanchez Midstream Partners LP","3","$48.57M","n/a","Energy","Oil & Gas Production","https://www.nasdaq.com/symbol/snmp",
"SAND          ","Sandstorm Gold Ltd","4.01","$732.35M","n/a","Basic Industries","Precious Metals","https://www.nasdaq.com/symbol/sand",
"SEB","Seaboard Corporation","3706.65","$4.34B","1996","Finance","Investment Bankers/Brokers/Service","https://www.nasdaq.com/symbol/seb",
"SENS","Senseonics Holdings, Inc.","3.41","$603.06M","n/a","Capital Goods","Industrial Machinery/Components","https://www.nasdaq.com/symbol/sens",
"SVT","Servotronics, Inc.","11.4676","$29.62M","n/a","Capital Goods","Industrial Machinery/Components","https://www.nasdaq.com/symbol/svt",
"SMTS","Sierra Metals Inc.","2.3","$375.88M","n/a","Basic Industries","Precious Metals","https://www.nasdaq.com/symbol/smts",
"SIF","SIFCO Industries, Inc.","4.8999","$27.89M","n/a","Capital Goods","Aerospace","https://www.nasdaq.com/symbol/sif",
"SVM","Silvercorp Metals Inc.","1.88","$316.64M","n/a","Basic Industries","Precious Metals","https://www.nasdaq.com/symbol/svm",
"SILV","SilverCrest Metals Inc.","2.45","$182.16M","2018","Basic Industries","Precious Metals","https://www.nasdaq.com/symbol/silv",
"XPL","Solitario Zinc Corp.","0.303","$17.67M","n/a","Basic Industries","Precious Metals","https://www.nasdaq.com/symbol/xpl",
"SCE^B","Southern California Edison Company","17.5","n/a","n/a","n/a","n/a","https://www.nasdaq.com/symbol/sce^b",
"SCE^C","Southern California Edison Company","19.59","n/a","n/a","n/a","n/a","https://www.nasdaq.com/symbol/sce^c",
"SCE^D","Southern California Edison Company","19.05","n/a","n/a","n/a","n/a","https://www.nasdaq.com/symbol/sce^d",
"SCE^E","Southern California Edison Company","20.45","n/a","n/a","n/a","n/a","https://www.nasdaq.com/symbol/sce^e",
"SGB","Southwest Georgia Financial Corporation","22.7","$57.79M","n/a","Finance","Major Banks","https://www.nasdaq.com/symbol/sgb",
"LOV","Spark Networks, Inc.","9.52","$123.65M","2017","Consumer Services","Other Consumer Services","https://www.nasdaq.com/symbol/lov",
"SRCI","SRC Energy Inc.","6.05","$1.47B","n/a","Energy","Oil & Gas Production","https://www.nasdaq.com/symbol/srci",
"SDI","Standard Diversified Inc.","14.95","$252.79M","n/a","Consumer Non-Durables","Tobacco","https://www.nasdaq.com/symbol/sdi",
"SSY","SunLink Health Systems, Inc.","1.1401","$8.46M","n/a","Health Care","Hospital/Nursing Management","https://www.nasdaq.com/symbol/ssy",
"SDPI","Superior Drilling Products, Inc.","2.08","$51.03M","2014","Energy","Metal Fabrications","https://www.nasdaq.com/symbol/sdpi",
"SYN","Synthetic Biologics, Inc","0.7897","$10.65M","n/a","Health Care","Major Pharmaceuticals","https://www.nasdaq.com/symbol/syn",
"TKAT","Takung Art Co., Ltd.","0.77","$8.64M","n/a","Consumer Services","Other Specialty Stores","https://www.nasdaq.com/symbol/tkat",
"TALO.WS","Talos Energy, Inc.","n/a","n/a","n/a","n/a","n/a","https://www.nasdaq.com/symbol/talo.ws",
"TRX","Tanzanian Royalty Exploration Corporation","0.361","$45.18M","n/a","Basic Industries","Precious Metals","https://www.nasdaq.com/symbol/trx",
"TGB","Taseko Mines Limited","0.6115","$139.67M","n/a","Basic Industries","Precious Metals","https://www.nasdaq.com/symbol/tgb",
"TIK","Tel-Instrument Electronics Corp.","2.5","$8.14M","n/a","Capital Goods","Electrical Products","https://www.nasdaq.com/symbol/tik",
"TGC","Tengasco, Inc.","1.03","$10.96M","n/a","Energy","Oil & Gas Production","https://www.nasdaq.com/symbol/tgc",
"GLU","The Gabelli Global Utility and Income Trust","17.67","$72.65M","2004","n/a","n/a","https://www.nasdaq.com/symbol/glu",
"GLU^A","The Gabelli Global Utility and Income Trust","45.7177","n/a","n/a","n/a","n/a","https://www.nasdaq.com/symbol/glu^a",
"GLU~","The Gabelli Global Utility and Income Trust","0.35","n/a","n/a","n/a","n/a","https://www.nasdaq.com/symbol/glu~",
"GGO","The Gabelli Go Anywhere Trust","17","$27.4M","2016","n/a","n/a","https://www.nasdaq.com/symbol/ggo",
"GGO^A","The Gabelli Go Anywhere Trust","42.35","n/a","n/a","n/a","n/a","https://www.nasdaq.com/symbol/ggo^a",
"TDW.WS","Tidewater Inc.","n/a","n/a","n/a","n/a","n/a","https://www.nasdaq.com/symbol/tdw.ws",
"TMP","Tompkins Financial Corporation","79.19","$1.21B","n/a","Finance","Major Banks","https://www.nasdaq.com/symbol/tmp",
"TAT","Transatlantic Petroleum Ltd","1.0016","$50.69M","n/a","Energy","Oil & Gas Production","https://www.nasdaq.com/symbol/tat",
"TRXC","TransEnterix, Inc.","2.99","$646.2M","n/a","Health Care","Medical/Dental Instruments","https://www.nasdaq.com/symbol/trxc",
"TMQ","Trilogy Metals Inc.","2.2","$289.37M","n/a","Basic Industries","Precious Metals","https://www.nasdaq.com/symbol/tmq",
"TPHS","Trinity Place Holdings Inc.","5.02","$158.82M","n/a","Consumer Services","Building operators","https://www.nasdaq.com/symbol/tphs",
"TRT","Trio-Tech International","3.63","$12.9M","n/a","Technology","Industrial Machinery/Components","https://www.nasdaq.com/symbol/trt",
"UFAB","Unique Fabricating, Inc.","6.18","$60.39M","2015","Capital Goods","Auto Parts:O.E.M.","https://www.nasdaq.com/symbol/ufab",
"UAMY","United States Antimony Corporation","0.7","$47.76M","n/a","Capital Goods","Metal Fabrications","https://www.nasdaq.com/symbol/uamy",
"UUU","Universal Security Instruments, Inc.","1.2","$2.78M","n/a","Consumer Non-Durables","Electronic Components","https://www.nasdaq.com/symbol/uuu",
"UQM","UQM Technologies Inc.","1.2","$65.1M","n/a","Capital Goods","Industrial Machinery/Components","https://www.nasdaq.com/symbol/uqm",
"URG","Ur Energy Inc","0.6901","$109.83M","n/a","Basic Industries","Precious Metals","https://www.nasdaq.com/symbol/urg",
"UEC","Uranium Energy Corp.","1.33","$234.24M","n/a","Basic Industries","Precious Metals","https://www.nasdaq.com/symbol/uec",
"VHC","VirnetX Holding Corp","3.09","$193.5M","n/a","Miscellaneous","Multi-Sector Companies","https://www.nasdaq.com/symbol/vhc",
"VGZ","Vista Gold Corporation","0.48","$48.04M","n/a","Basic Industries","Precious Metals","https://www.nasdaq.com/symbol/vgz",
"VNRX","VolitionRX Limited","2.35","$70.57M","2015","Health Care","Biotechnology: In Vitro & In Vivo Diagnostic Substances","https://www.nasdaq.com/symbol/vnrx",
"VISI","Volt Information Sciences, Inc.","2.65","$55.74M","n/a","Technology","Professional Services","https://www.nasdaq.com/symbol/visi",
"EAD","Wells Fargo Income Opportunities Fund","7.52","$518.52M","2003","n/a","n/a","https://www.nasdaq.com/symbol/ead",
"ERC","Wells Fargo Multi-Sector Income Fund","11.47","$376.53M","2003","n/a","n/a","https://www.nasdaq.com/symbol/erc",
"ERH","Wells Fargo Utilities and High Income Fund","11.53","$106.67M","2004","n/a","n/a","https://www.nasdaq.com/symbol/erh",
"WRN","Western Copper and Gold Corporation","0.5201","$52.42M","2011","Basic Industries","Precious Metals","https://www.nasdaq.com/symbol/wrn",
"WYY","WidePoint Corporation","0.4839","$40.53M","n/a","Technology","EDP Services","https://www.nasdaq.com/symbol/wyy",
"WTT","Wireless Telecom Group,  Inc.","1.73","$36.29M","n/a","Capital Goods","Electrical Products","https://www.nasdaq.com/symbol/wtt",
"XTNT","Xtant Medical Holdings, Inc.","3.19","$42.02M","n/a","Health Care","Biotechnology: Biological Products (No Diagnostic Substances)","https://www.nasdaq.com/symbol/xtnt",
"YUMA","Yuma Energy, Inc.","0.1958","$4.55M","n/a","Energy","Oil & Gas Production","https://www.nasdaq.com/symbol/yuma",
"ZDGE","Zedge, Inc.","2.88","$29.55M","2016","Technology","Computer Software: Prepackaged Software","https://www.nasdaq.com/symbol/zdge",
"ZOM","Zomedica Pharmaceuticals Corp.","1.72","$163.05M","2017","Health Care","Major Pharmaceuticals","https://www.nasdaq.com/symbol/zom",
